﻿{"cameraMode":{"drawMode":0,"name":"Shaded","section":"Shading Mode"},"sceneLighting":true,"audioPlay":false,"sceneViewState":{"showFog":true,"showMaterialUpdate":false,"showSkybox":true,"showFlares":true,"showImageEffects":true,"showParticleSystems":true},"in2DMode":false,"pivot":{"x":-17.58892822265625,"y":-108.0341796875,"z":167.60801696777345},"rotation":{"x":-0.09081719815731049,"y":0.8817228674888611,"z":-0.18960127234458924,"w":-0.42233678698539736},"size":912.9048461914063,"orthographic":false}