﻿{"cameraMode":{"drawMode":0,"name":"Shaded","section":"Shading Mode"},"sceneLighting":true,"audioPlay":false,"sceneViewState":{"showFog":true,"showMaterialUpdate":false,"showSkybox":true,"showFlares":true,"showImageEffects":true,"showParticleSystems":true},"in2DMode":false,"pivot":{"x":57.89219665527344,"y":-17.57094383239746,"z":321.9623107910156},"rotation":{"x":0.19815708696842194,"y":-0.01470194011926651,"z":0.0029725779313594105,"w":0.9800555109977722},"size":368.0473327636719,"orthographic":true}